UC6_RetrievePersonsByContact

mysql> SELECT * FROM AddressBook;
+----+------------+-----------+---------------+--------+------------+--------+--------------+-----------------------+
| id | first_name | last_name | address       | city   | state      | zip    | phone_number | email                 |
+----+------------+-----------+---------------+--------+------------+--------+--------------+-----------------------+
|  1 | Hari       | Naik      | 111, Circle A | Mumbai | Maharastra | 400047 | 9618101467   | harinaik@gmail.com    |
|  2 | Raj        | Patel     | 222, Circle B | Delhi  | Delhi      | 110001 | 9876543210   | raj.patel@example.com |
+----+------------+-----------+---------------+--------+------------+--------+--------------+-----------------------+
2 rows in set (0.00 sec)

mysql> SELECT * FROM AddressBook WHERE City = 'Delhi';
+----+------------+-----------+---------------+-------+-------+--------+--------------+-----------------------+
| id | first_name | last_name | address       | city  | state | zip    | phone_number | email                 |
+----+------------+-----------+---------------+-------+-------+--------+--------------+-----------------------+
|  2 | Raj        | Patel     | 222, Circle B | Delhi | Delhi | 110001 | 9876543210   | raj.patel@example.com |
+----+------------+-----------+---------------+-------+-------+--------+--------------+-----------------------+
1 row in set (0.00 sec)

mysql> SELECT * FROM AddressBook WHERE City = 'Mumbai' OR state = 'Maharastra';
+----+------------+-----------+---------------+--------+------------+--------+--------------+--------------------+
| id | first_name | last_name | address       | city   | state      | zip    | phone_number | email              |
+----+------------+-----------+---------------+--------+------------+--------+--------------+--------------------+
|  1 | Hari       | Naik      | 111, Circle A | Mumbai | Maharastra | 400047 | 9618101467   | harinaik@gmail.com |
+----+------------+-----------+---------------+--------+------------+--------+--------------+--------------------+
1 row in set (0.00 sec)

mysql>